epoch,train_loss,val_loss
1,3.602628,0.038834
2,0.034123,0.032939
3,0.031299,0.051203
4,0.031433,0.029470
5,0.028977,0.035887
6,0.030593,0.029387
7,0.032116,0.022756
8,0.029065,0.038424
9,0.030423,0.029804
10,0.035008,0.026153
