epoch,train_loss,val_loss,val_ts_raw,val_ts_evo,val_oxy
1,20.700089,22.795565,0.007241,0.015988,45.560658
2,17.221221,22.746116,0.007163,0.017550,45.460355
3,21.042148,22.751206,0.007190,0.018236,45.469795
4,18.806049,22.738119,0.007202,0.017228,45.444607
5,19.032983,22.761589,0.007392,0.023268,45.485125
6,17.047357,22.756218,0.007655,0.017729,45.479399
7,16.221652,22.747384,0.007464,0.019404,45.460436
